timestamp,title,notes
2024-01-15 09:00,Project Kickoff,Initial project meeting with all stakeholders
2024-01-20 14:30,Requirements Gathering,Detailed requirements analysis and documentation
2024-02-01 10:15,Architecture Design,System architecture and database design phase
2024-02-15 16:00,Development Start,Begin core functionality implementation
2024-03-01 11:30,First Milestone,Complete user authentication module
2024-03-15 13:45,Code Review,Comprehensive code review and refactoring
2024-04-01 09:00,Beta Testing,Release beta version to selected users
2024-04-15 15:20,Bug Fixes,Address issues found during beta testing
2024-05-01 10:00,Production Deploy,Official production deployment
2024-05-10 14:00,Post-Launch Review,Review deployment success and gather feedback
